{
	"credit": "Made with Blockbench",
	"textures": {
		"0": "./party",
		"1": "./back",
		"particle": "minifelix"
	},
	"elements": [
		{
			"from": [4, 0, 7.75],
			"to": [12, 8, 8.25],
			"faces": {
				"north": {"uv": [0, 0, 16, 16], "texture": "#0"},
				"east": {"uv": [0, 0, 1, 16], "texture": "#0"},
				"south": {"uv": [0, 0, 16, 16], "texture": "#1"},
				"west": {"uv": [15, 0, 16, 16], "texture": "#0"},
				"up": {"uv": [0, 0, 16, 1], "texture": "#0"},
				"down": {"uv": [0, 15, 16, 16], "texture": "#0"}
			}
		}
	],
	"display": {
		"thirdperson_righthand": {
			"rotation": [90, 90, 0],
			"translation": [0, -1, 2]
		},
		"thirdperson_lefthand": {
			"rotation": [90, 90, 0],
			"translation": [0, -1, 2]
		},
		"firstperson_righthand": {
			"rotation": [10, 115, -15],
			"translation": [0, 5, 1],
			"scale": [0.65, 0.65, 0.65]
		},
		"firstperson_lefthand": {
			"rotation": [10, 115, -15],
			"translation": [0, 5, 1],
			"scale": [0.65, 0.65, 0.65]
		},
		"ground": {
			"rotation": [90, 0, 0],
			"translation": [0, -1, 4]
		},
		"gui": {
			"rotation": [0, -180, 0],
			"translation": [0, 6, 0],
			"scale": [1.5, 1.5, 1.5]
		},
		"fixed": {
			"translation": [0, 16, 0.98],
			"scale": [4, 4, 4]
		}
	}
}