{
	"credit": "Made with Blockbench",
	"texture_size": [32, 32],
	"textures": {
		"0": "./mini_dispenser",
		"particle": "./mini_dispenser"
	},
	"elements": [
		{
			"from": [3, 0, 5],
			"to": [15, 4, 11],
			"rotation": {"angle": 0, "axis": "x", "origin": [9.5, 9, 13.5]},
			"faces": {
				"north": {"uv": [0, 0, 6, 2], "texture": "#0"},
				"east": {"uv": [6, 2, 9, 4], "texture": "#0"},
				"south": {"uv": [0, 0, 6, 2], "texture": "#0"},
				"west": {"uv": [6, 0, 9, 2], "texture": "#0"},
				"up": {"uv": [0, 2, 6, 5], "texture": "#0"},
				"down": {"uv": [0, 5, 6, 8], "rotation": 180, "texture": "#0"}
			}
		},
		{
			"from": [2.75, -0.25, 4.75],
			"to": [15.25, 4.25, 11.25],
			"rotation": {"angle": 0, "axis": "x", "origin": [9.25, 8.75, 13.25]},
			"faces": {
				"north": {"uv": [10, 8, 16, 10], "texture": "#0"},
				"east": {"uv": [7, 14, 10, 16], "texture": "#0"},
				"south": {"uv": [10, 8, 16, 10], "texture": "#0"},
				"west": {"uv": [7, 14, 10, 16], "texture": "#0"},
				"up": {"uv": [10, 10, 16, 13], "texture": "#0"},
				"down": {"uv": [10, 13, 16, 16], "rotation": 180, "texture": "#0"}
			}
		},
		{
			"from": [15.25, -0.25, 4.75],
			"to": [2.75, 4.25, 11.25],
			"rotation": {"angle": 0, "axis": "x", "origin": [21.75, 8.75, 13.25]},
			"faces": {
				"north": {"uv": [10, 8, 16, 10], "texture": "#0"},
				"east": {"uv": [7, 14, 10, 16], "texture": "#0"},
				"south": {"uv": [10, 8, 16, 10], "texture": "#0"},
				"west": {"uv": [7, 14, 10, 16], "texture": "#0"},
				"up": {"uv": [10, 10, 16, 13], "texture": "#0"},
				"down": {"uv": [10, 13, 16, 16], "rotation": 180, "texture": "#0"}
			}
		},
		{
			"from": [4, 0, 5],
			"to": [14, 3, 7],
			"rotation": {"angle": -45, "axis": "x", "origin": [9, 0, 5]},
			"faces": {
				"north": {"uv": [1, 11, 6, 12.5], "texture": "#0"},
				"east": {"uv": [0, 11, 1, 12.5], "texture": "#0"},
				"west": {"uv": [1, 11, 0, 12.5], "texture": "#0"}
			}
		},
		{
			"from": [14, 0, 5],
			"to": [4, 3, 7],
			"rotation": {"angle": -45, "axis": "x", "origin": [19, 0, 5]},
			"faces": {
				"north": {"uv": [1, 11, 6, 12.5], "texture": "#0"},
				"east": {"uv": [0, 11, 1, 12.5], "texture": "#0"},
				"west": {"uv": [1, 11, 0, 12.5], "texture": "#0"}
			}
		},
		{
			"from": [4, 0, 9],
			"to": [14, 3, 11],
			"rotation": {"angle": 45, "axis": "x", "origin": [9, 0, 11]},
			"faces": {
				"east": {"uv": [1, 11, 0, 12.5], "texture": "#0"},
				"south": {"uv": [1, 11, 6, 12.5], "texture": "#0"},
				"west": {"uv": [0, 11, 1, 12.5], "texture": "#0"}
			}
		},
		{
			"from": [14, 0, 9],
			"to": [4, 3, 11],
			"rotation": {"angle": 45, "axis": "x", "origin": [19, 0, 11]},
			"faces": {
				"east": {"uv": [1, 11, 0, 12.5], "texture": "#0"},
				"south": {"uv": [1, 11, 6, 12.5], "texture": "#0"},
				"west": {"uv": [0, 11, 1, 12.5], "texture": "#0"}
			}
		},
		{
			"from": [3, 4, 6],
			"to": [15, 6, 10],
			"rotation": {"angle": 0, "axis": "x", "origin": [12.5, 9, 18.5]},
			"faces": {
				"north": {"uv": [0, 8, 6, 9], "texture": "#0"},
				"east": {"uv": [6, 8, 8, 9], "texture": "#0"},
				"south": {"uv": [6, 8, 0, 9], "texture": "#0"},
				"west": {"uv": [6, 8, 8, 9], "texture": "#0"},
				"up": {"uv": [0, 9, 6, 11], "rotation": 180, "texture": "#0"}
			}
		},
		{
			"from": [11.5, 6, 7],
			"to": [13.5, 9, 9],
			"rotation": {"angle": 0, "axis": "z", "origin": [9.5, 12, 14]},
			"faces": {
				"north": {"uv": [12, 4, 13, 5.5], "texture": "#0"},
				"east": {"uv": [15, 4, 16, 5.5], "texture": "#0"},
				"south": {"uv": [15, 4, 14, 5.5], "texture": "#0"},
				"west": {"uv": [13, 4, 14, 5.5], "texture": "#0"},
				"up": {"uv": [15, 3, 16, 4], "rotation": 180, "texture": "#0"}
			}
		},
		{
			"from": [11.25, 5.75, 6.75],
			"to": [13.75, 9.25, 9.25],
			"rotation": {"angle": 0, "axis": "z", "origin": [9.25, 11.75, 13.75]},
			"faces": {
				"north": {"uv": [12, 5.5, 13, 7], "texture": "#0"},
				"east": {"uv": [15, 5.5, 16, 7], "texture": "#0"},
				"south": {"uv": [15, 5.5, 14, 7], "texture": "#0"},
				"west": {"uv": [13, 5.5, 14, 7], "texture": "#0"}
			}
		},
		{
			"from": [13.75, 5.75, 6.75],
			"to": [11.25, 9.25, 9.25],
			"rotation": {"angle": 0, "axis": "z", "origin": [11.75, 11.75, 13.75]},
			"faces": {
				"north": {"uv": [12, 5.5, 13, 7], "texture": "#0"},
				"east": {"uv": [15, 5.5, 16, 7], "texture": "#0"},
				"south": {"uv": [15, 5.5, 14, 7], "texture": "#0"},
				"west": {"uv": [13, 5.5, 14, 7], "texture": "#0"}
			}
		},
		{
			"from": [0, 2, 6.5],
			"to": [3, 8, 9.5],
			"rotation": {"angle": 0, "axis": "z", "origin": [10, 12, 13.5]},
			"faces": {
				"north": {"uv": [9, 0, 10.5, 3], "texture": "#0"},
				"east": {"uv": [13.5, 0, 15, 3], "texture": "#0"},
				"south": {"uv": [12, 0, 13.5, 3], "texture": "#0"},
				"west": {"uv": [10.5, 0, 12, 3], "texture": "#0"},
				"up": {"uv": [9, 3, 10.5, 4.5], "rotation": 180, "texture": "#0"},
				"down": {"uv": [10.5, 3, 12, 4.5], "texture": "#0"}
			}
		},
		{
			"from": [1, 0, 8],
			"to": [3, 2, 8],
			"rotation": {"angle": 0, "axis": "z", "origin": [11, 10, 15]},
			"faces": {
				"north": {"uv": [12, 3, 13, 4], "texture": "#0"},
				"east": {"uv": [8.5, 5, 9.5, 6], "texture": "#0"},
				"south": {"uv": [13, 3, 12, 4], "texture": "#0"},
				"west": {"uv": [8.5, 4, 9.5, 5], "texture": "#0"},
				"up": {"uv": [7.5, 5, 8.5, 6], "rotation": 270, "texture": "#0"},
				"down": {"uv": [0, 0, 1.5, 1.5], "texture": "#0"}
			}
		}
	],
	"display": {
		"thirdperson_righthand": {
			"rotation": [65, 20, 0],
			"translation": [0, 4, 6]
		},
		"thirdperson_lefthand": {
			"rotation": [65, 20, 0],
			"translation": [0, 4, 6]
		},
		"firstperson_righthand": {
			"rotation": [5, -35, 10],
			"translation": [1.5, 6, -0.75]
		},
		"firstperson_lefthand": {
			"rotation": [5, -35, 10],
			"translation": [1.5, 6, -0.75]
		},
		"ground": {
			"translation": [0, 5.5, 0]
		},
		"gui": {
			"rotation": [35, 135, 0],
			"translation": [0.5, 3.25, 0]
		},
		"head": {
			"translation": [0, 19.2, 0],
			"scale": [1.6, 1.6, 1.6]
		},
		"fixed": {
			"rotation": [-90, 0, 0],
			"translation": [0, 0, -14],
			"scale": [2, 2, 2]
		}
	},
	"groups": [
		{
			"name": "group",
			"origin": [8, 8, 13],
			"color": 0,
			"children": [0, 1, 2, 3, 4, 5, 6, 7, 8, 9, 10, 11, 12]
		}
	]
}