{
    "providers": [
        {
            "type": "bitmap",
            "file": "minecraft:font/owner.png",
            "ascent": 8,
            "height": 10,
            "chars": [
                    "\u00C0"
                ]
        },
        {
            "type": "bitmap",
            "file": "minecraft:font/builder.png",
            "ascent": 8,
            "height": 10,
            "chars": [
                    "\u00C1"
                ]
        },
        {
            "type": "bitmap",
            "file": "minecraft:font/youtube.png",
            "ascent": 8,
            "height": 10,
            "chars": [
                    "\u00C2"
                ]
        },
        {
            "type": "bitmap",
            "file": "minecraft:font/twitch.png",
            "ascent": 8,
            "height": 10,
            "chars": [
                    "\u00C3"
                ]
        },
        {
            "type": "bitmap",
            "file": "minecraft:font/tiktok.png",
            "ascent": 8,
            "height": 10,
            "chars": [
                    "\u00C4"
                ]
        },
        {
            "type": "bitmap",
            "file": "minecraft:font/srmod.png",
            "ascent": 8,
            "height": 10,
            "chars": [
                    "\u00C5"
                ]
        },
        {
            "type": "bitmap",
            "file": "minecraft:font/helper.png",
            "ascent": 8,
            "height": 10,
            "chars": [
                    "\u00C6"
                ]
        },
        {
            "type": "bitmap",
            "file": "minecraft:font/member.png",
            "ascent": 8,
            "height": 10,
            "chars": [
                    "\u00C7"
                ]
        },
        {
            "type": "bitmap",
            "file": "minecraft:font/logo.png",
            "ascent": 15,
            "height": 26,
            "chars": [
                "\u00B6"
                ]
        }
    ]
}